features,Boston,Canberra,Geneva,Ottawa
10,16,9,19,18,62
100,7,3,7,6,23
12,5,3,2,5,15
13,3,1,3,4,11
14,6,0,3,4,13
15,9,9,17,7,42
1hm3rjz,0,0,0,32,32
20,8,9,8,3,28
2024,11,3,6,2,22
2025,3,2,4,3,12
25,3,5,4,7,19
30,2,9,21,10,42
50,11,8,3,7,29
500,2,0,6,4,12
60,5,1,3,1,10
80,3,1,2,5,11
90,4,10,11,4,29
able,14,9,15,20,58
absolutely,7,13,5,7,32
accessible,4,4,1,3,12
account,3,4,17,4,28
act,4,40,4,2,50
action,15,3,0,19,37
activities,4,1,5,3,13
actual,4,1,2,7,14
actually,16,14,9,8,47
add,9,6,12,6,33
admin,3,2,7,0,12
advice,4,4,3,4,15
affordable,6,3,3,2,14
age,3,2,3,6,14
ages,3,1,4,2,10
ago,13,23,14,19,69
agree,7,5,2,6,20
ahead,2,5,3,0,10
ai,1,0,16,3,20
air,2,3,8,4,17
airport,3,7,11,3,24
allow,2,3,3,3,11
allowed,4,5,6,5,20
amazing,2,8,3,7,20
american,6,3,5,2,16
annoying,1,4,3,3,11
answer,1,3,10,3,17
anymore,2,4,3,6,15
apart,2,3,5,1,11
apartment,7,6,14,1,28
app,2,6,34,1,43
apparently,1,2,4,5,12
appears,8,3,0,0,11
apply,2,3,9,4,18
approach,1,3,4,3,11
approved,1,3,0,11,15
area,22,25,6,17,70
areas,8,15,3,5,31
aren,9,9,3,9,30
art,11,5,2,2,20
article,6,7,0,11,24
ask,1,7,16,14,38
asked,18,9,8,8,43
asking,8,3,1,5,17
assume,2,4,0,6,12
au,0,30,16,1,47
auto,8,0,5,9,22
automatically,15,0,0,16,31
automod,0,0,0,16,16
automodrateur,0,0,0,16,16
aux,0,0,5,17,22
available,6,4,6,6,22
avec,0,0,20,1,21
average,3,5,5,3,16
avoid,5,3,5,4,17
aware,1,4,8,4,17
away,19,14,12,13,58
awesome,1,8,1,6,16
awful,2,6,2,3,13
baby,4,0,4,6,14
bad,15,18,8,13,54
bank,7,1,6,17,31
bar,9,10,5,6,30
bars,7,2,5,3,17
based,9,3,11,10,33
basic,3,3,8,5,19
basically,7,5,5,2,19
beautiful,2,4,4,2,12
bed,4,1,0,7,12
beer,0,4,4,4,12
believe,3,4,8,8,23
benefits,5,3,0,2,10
best,24,32,32,15,103
bet,4,4,2,3,13
better,26,24,40,31,121
bien,0,0,16,1,17
big,12,11,22,14,59
bigger,4,5,1,2,12
bike,18,6,14,2,40
bikes,6,0,3,3,12
bit,15,33,28,20,96
black,3,3,2,4,12
block,2,6,3,1,12
board,0,1,1,18,20
book,3,6,11,2,22
border,6,2,8,1,17
boston,140,0,0,0,140
bot,13,0,0,16,29
bought,3,4,5,12,24
bridge,11,2,3,12,28
bring,3,9,7,9,28
budget,6,12,10,1,29
build,6,6,2,3,17
building,7,18,4,13,42
buildings,4,9,1,3,17
built,8,8,3,13,32
bunch,2,4,4,7,17
bus,19,22,33,24,98
buses,5,5,2,8,20
business,9,6,2,8,25
businesses,4,1,2,9,16
busy,0,8,7,6,21
buy,8,10,16,11,45
buying,2,3,4,8,17
ca,0,0,5,28,33
cafe,3,8,4,1,16
called,4,9,19,11,43
cambridge,24,0,0,1,25
came,4,5,4,8,21
canada,3,0,0,30,33
canberra,0,130,0,0,130
capital,0,14,0,1,15
car,17,37,41,25,120
care,14,13,7,15,49
cars,9,12,18,12,51
case,7,6,15,9,37
cases,4,4,4,0,12
cash,6,3,5,3,17
cause,4,4,5,6,19
ce,0,0,15,19,34
ceci,0,0,0,16,16
center,14,0,8,0,22
centre,0,29,7,12,48
certain,3,6,3,2,14
cette,0,0,4,16,20
ch,0,0,56,0,56
chance,3,1,4,2,10
change,11,2,6,8,27
changed,2,7,0,4,13
charge,6,2,11,5,24
chat,2,1,7,2,12
cheap,1,7,8,6,22
cheaper,4,8,11,8,31
check,24,12,18,17,71
chf,0,0,32,0,32
child,5,12,8,5,30
children,5,4,13,4,26
choice,4,4,11,1,20
choose,0,2,12,2,16
chose,2,2,5,2,11
cities,7,3,5,2,17
city,46,37,31,33,147
civic,0,12,0,3,15
class,6,1,2,8,17
clean,3,4,1,7,15
clearly,3,4,4,2,13
close,8,9,14,9,40
closed,3,3,6,3,15
closer,5,4,1,6,16
club,3,8,6,7,24
coast,4,6,0,0,10
coffee,26,5,2,1,34
cold,11,6,5,6,28
college,5,4,3,2,14
com,54,39,34,72,199
come,16,27,17,14,74
comes,3,3,1,9,16
coming,13,5,10,2,30
comme,0,0,16,0,16
comments,5,8,1,33,47
common,13,3,3,2,21
community,20,10,1,9,40
commute,11,3,1,2,17
companies,6,3,8,11,28
company,6,0,13,7,26
compared,4,3,5,3,15
complete,5,7,3,2,17
completely,1,4,3,4,12
compose,13,0,0,16,29
concerns,14,1,0,17,32
conditions,1,3,6,1,11
consider,12,8,7,5,32
considered,5,2,2,1,10
construction,7,3,7,1,18
contact,28,4,4,19,55
continue,6,2,2,5,15
contracts,2,2,6,3,13
cool,9,5,4,5,23
corner,2,4,1,3,10
cost,15,11,12,12,50
costs,15,11,8,1,35
couldn,4,1,4,7,16
council,4,17,1,1,23
country,9,9,13,9,40
couple,4,20,13,17,54
course,6,6,18,6,36
court,13,2,2,0,17
cover,4,1,4,4,13
covid,6,4,1,7,18
crazy,7,5,3,6,21
create,8,4,9,1,22
cross,5,5,7,1,18
crossing,1,5,7,2,15
cultural,2,4,6,1,13
current,4,5,0,1,10
currently,5,1,6,3,15
cut,5,9,4,8,26
cuts,4,6,2,3,15
dangerous,6,3,5,3,17
dans,0,0,21,1,22
data,6,1,6,4,17
date,5,1,4,4,14
day,26,30,33,42,131
days,10,13,16,26,65
deal,10,3,6,12,31
decent,3,9,4,2,18
decided,2,5,1,2,10
definitely,7,15,10,11,43
depending,1,3,5,9,18
depends,3,4,12,2,21
des,0,0,86,2,88
despite,3,4,2,2,11
details,11,2,0,1,14
development,6,7,1,0,14
dickson,0,12,0,0,12
did,17,28,10,29,84
difference,4,1,5,3,13
different,12,20,17,15,64
difficult,0,4,13,4,21
dinner,2,5,1,4,12
directly,5,3,7,1,16
doctor,4,8,1,8,21
does,14,23,12,9,58
doesn,18,23,7,15,63
dog,1,5,3,8,17
dogs,1,8,1,3,13
doing,20,10,8,18,56
dollars,7,2,0,6,15
don,73,70,101,73,317
dont,2,2,4,5,13
door,9,8,4,12,33
downtown,9,0,3,15,27
dr,1,12,1,7,21
drink,3,1,5,4,13
drive,12,23,12,17,64
drivers,0,5,5,8,18
driving,14,8,10,10,42
drop,3,6,2,3,14
du,0,0,50,5,55
early,5,13,4,9,31
easier,3,2,2,6,13
easily,6,3,6,3,18
east,6,1,2,6,15
eat,1,5,11,3,20
edit,8,5,6,10,29
education,5,5,5,3,18
electric,7,4,3,1,15
email,2,2,4,4,12
en,3,1,72,10,86
end,20,16,16,14,66
ended,5,2,2,4,13
english,1,3,15,18,37
enjoy,16,6,8,3,33
entire,11,3,3,8,25
envoyez,0,0,0,16,16
equipment,3,2,3,6,14
especially,13,7,7,7,34
est,0,0,68,5,73
et,0,0,68,5,73
event,3,5,3,9,20
events,3,4,8,8,23
exactly,3,4,5,4,16
example,7,7,10,11,35
excellent,5,11,2,5,23
expect,7,1,3,2,13
expensive,15,7,17,8,47
experience,12,11,31,23,77
experiences,2,3,2,4,11
extra,1,3,7,8,19
extremely,4,0,4,7,15
eye,7,3,1,0,11
face,9,4,4,3,20
facebook,1,2,4,6,13
fact,7,6,3,7,23
fairly,1,4,2,4,11
fall,4,1,1,5,11
families,4,3,2,1,10
family,19,18,19,14,70
fantastic,1,9,2,1,13
far,14,16,21,15,66
fast,1,1,14,8,24
federal,19,7,1,2,29
feel,19,12,16,16,63
fees,3,3,3,11,20
felt,3,4,3,6,16
finally,2,3,5,2,12
finding,3,4,6,5,18
fine,12,8,9,6,35
fit,4,2,0,6,12
flat,4,2,7,3,16
flight,7,4,2,0,13
fly,3,9,1,0,13
folks,6,4,1,4,15
follow,1,1,9,3,14
followed,3,1,5,2,11
following,1,3,6,0,10
fondue,0,0,17,0,17
food,12,19,12,27,70
format,8,0,5,8,21
fr,0,0,12,1,13
france,0,0,30,0,30
free,10,12,24,15,61
french,5,1,44,24,74
fresh,5,5,2,4,16
friend,8,6,4,9,27
friendly,3,7,3,2,15
friends,1,9,16,12,38
fuck,6,2,2,5,15
fucking,9,5,0,0,14
fully,2,5,2,2,11
fun,10,7,9,12,38
funding,8,3,2,3,16
future,0,7,4,1,12
fyshwick,0,14,0,0,14
game,4,2,2,15,23
games,2,3,2,8,15
garden,13,2,2,1,18
general,10,6,4,5,25
generally,8,3,5,8,24
geneva,0,0,145,0,145
genve,0,0,14,0,14
gets,6,7,6,9,28
getting,19,14,16,12,61
given,2,12,4,3,21
gives,1,6,2,2,11
giving,4,3,3,5,15
goes,4,8,11,6,29
going,53,41,33,46,173
gone,1,11,1,6,19
gonna,5,1,4,2,12
good,59,74,63,53,249
google,12,8,14,3,37
got,30,34,17,26,107
gotten,3,2,0,7,12
gov,11,8,0,0,19
government,17,24,4,13,58
grab,15,1,2,2,20
grand,1,1,12,1,15
great,34,48,28,30,140
green,9,6,2,3,20
grew,5,2,4,3,14
ground,4,5,1,4,14
group,15,12,8,7,42
groups,11,1,7,3,22
guess,1,4,5,2,12
gungahlin,0,14,0,0,14
guy,8,8,2,8,26
guys,3,6,6,3,18
hair,2,6,2,7,17
half,4,15,9,14,42
hand,1,6,4,5,16
hands,6,1,2,3,12
happen,6,1,3,7,17
happened,6,6,8,3,23
happens,6,5,4,3,18
happy,8,13,10,4,35
hard,12,6,17,17,52
harvard,14,0,1,0,15
hate,8,7,2,5,22
haven,9,11,5,10,35
having,8,14,21,14,57
head,15,6,1,1,23
health,8,13,6,11,38
hear,4,1,6,31,42
heard,4,10,3,8,25
heat,5,2,1,5,13
hell,5,1,3,4,13
help,33,9,17,27,86
helped,1,7,1,3,12
helpful,2,3,1,5,11
helps,3,2,2,3,10
hey,3,0,3,4,10
high,17,7,9,15,48
higher,2,7,6,6,21
hill,17,10,3,6,36
history,8,6,3,2,19
hit,9,1,4,5,19
hold,3,2,2,4,11
home,20,26,14,30,90
honestly,5,3,4,5,17
hope,7,8,9,7,31
hospital,3,3,0,7,13
hot,11,4,3,5,23
hour,2,11,8,9,30
hours,5,6,4,9,24
house,13,19,6,17,55
houses,2,9,1,1,13
housing,26,11,5,0,42
https,104,56,90,114,364
huge,5,7,6,3,21
human,7,2,1,1,11
ice,20,7,3,5,35
idea,8,3,8,10,29
ideas,2,2,6,2,12
il,0,0,30,3,33
ils,0,0,11,0,11
immediately,6,1,3,4,14
immigrants,19,0,1,1,21
impact,4,3,9,1,17
important,10,5,5,3,23
include,9,2,4,2,17
including,5,4,3,4,16
income,2,5,4,2,13
info,8,5,1,3,17
information,14,2,6,5,27
inside,5,6,7,5,23
instead,5,3,6,10,24
insurance,3,2,13,4,22
international,3,5,35,0,43
involved,6,2,2,4,14
isn,22,14,12,16,64
issue,7,10,9,9,35
issues,5,12,1,10,28
january,6,4,1,5,16
je,0,0,30,0,30
job,9,10,19,14,52
jobs,8,5,9,6,28
join,0,4,6,3,13
jpeg,7,0,4,9,20
just,95,92,91,116,394
kept,3,7,1,5,16
kid,4,3,6,9,22
kids,17,12,26,18,73
kind,20,8,5,10,43
kinda,3,4,3,1,11
kingston,0,13,0,2,15
know,39,29,49,45,162
knowledge,3,3,3,1,10
la,1,1,97,13,112
lake,1,15,22,0,38
land,3,6,2,2,13
lane,9,9,10,2,30
lanes,12,1,4,5,22
language,2,1,12,3,18
large,1,3,9,6,19
late,4,5,2,8,19
later,9,5,5,22,41
lausanne,0,0,23,0,23
law,11,0,8,5,24
le,0,2,79,3,84
learn,7,4,8,4,23
leave,7,7,12,5,31
leaving,3,2,6,2,13
left,9,18,11,13,51
legal,8,0,3,3,14
les,0,0,81,6,87
let,12,10,13,8,43
level,7,3,13,10,33
life,15,6,17,13,51
light,2,6,8,4,20
lights,2,8,10,1,21
like,107,82,79,71,339
likely,14,14,10,10,48
line,17,7,3,11,38
link,4,3,4,1,12
lisez,0,0,0,16,16
list,5,6,3,12,26
literally,6,5,4,6,21
little,11,18,13,16,58
live,21,16,22,17,76
lived,7,5,10,5,27
lives,9,1,2,0,12
living,13,11,21,11,56
ll,32,21,42,10,105
local,21,7,30,21,79
location,5,3,2,6,16
lol,7,3,2,4,16
long,12,17,20,12,61
longer,3,8,6,2,19
look,31,15,18,18,82
looked,3,3,3,6,15
looking,17,17,23,23,80
looks,10,8,9,3,30
lose,5,3,3,2,13
lost,2,1,4,8,15
lot,27,35,33,31,126
lots,8,15,6,13,42
love,8,11,7,12,38
lovely,2,12,5,0,19
low,7,5,5,5,22
lower,4,1,3,2,10
luck,2,8,11,10,31
lucky,4,6,7,3,20
ma,13,0,2,0,15
main,1,2,8,4,15
mais,0,0,19,1,20
major,8,5,3,6,22
make,50,40,25,30,145
makes,12,6,6,2,26
making,7,6,7,5,25
man,5,2,7,3,17
management,2,4,5,0,11
map,10,2,0,1,13
maps,10,6,6,1,23
march,3,2,5,7,17
market,1,10,9,18,38
markets,0,6,1,11,18
mass,15,0,0,2,17
massachusetts,17,0,0,0,17
massive,5,5,2,3,15
matter,2,8,7,3,20
maybe,17,13,29,24,83
mean,9,8,11,5,33
means,8,4,9,6,27
meat,2,4,6,3,15
media,6,4,3,1,14
meet,2,5,1,6,14
member,4,2,4,3,13
members,3,8,2,3,16
mental,4,5,1,7,17
mention,4,2,7,1,14
mentioned,4,7,6,2,19
message,15,1,4,60,80
met,3,3,0,8,14
mid,4,2,1,4,11
middle,12,1,7,4,24
million,6,5,0,3,14
mind,11,6,6,8,31
minimum,5,4,10,1,20
minute,1,4,5,3,13
minutes,6,7,14,26,53
mix,3,3,3,1,10
model,1,1,4,5,11
moderators,13,0,0,16,29
modern,1,6,2,1,10
modrateur,0,0,0,16,16
mods,0,2,0,17,19
moment,6,7,4,0,17
money,19,20,14,29,82
month,11,7,15,10,43
months,6,16,19,12,53
morning,2,10,5,11,28
mountain,3,7,2,0,12
moved,8,11,4,6,29
moving,7,1,6,8,22
multiple,6,1,7,4,18
museum,11,1,6,2,20
music,2,1,4,3,10
national,1,4,3,3,11
ne,1,0,21,0,22
near,10,16,5,7,38
nearby,4,7,3,5,19
need,54,36,41,43,174
needed,2,8,4,9,23
needs,5,8,3,9,25
neighbours,0,0,0,22,22
net,9,6,3,1,19
network,3,1,6,4,14
new,37,37,33,27,134
news,11,5,3,9,28
nice,8,24,20,13,65
night,17,11,20,12,60
noise,1,2,3,5,11
non,12,7,18,9,46
normal,7,4,5,6,22
north,18,12,0,7,37
note,4,4,1,6,15
number,13,10,18,4,45
obviously,1,1,5,6,13
offer,6,2,4,10,22
office,8,9,4,11,32
oh,7,3,5,2,17
ok,7,8,5,5,25
okay,2,2,3,3,10
old,19,15,23,50,107
older,2,4,3,2,11
ones,7,10,12,8,37
online,5,3,9,8,25
ontario,0,0,0,14,14
op,8,2,4,4,18
opened,1,8,6,1,16
option,2,8,14,5,29
options,6,6,6,12,30
order,5,10,14,7,36
org,29,3,3,4,39
ottawa,0,0,0,156,156
ou,0,0,14,0,14
outside,9,11,7,13,40
owned,5,3,0,4,12
owners,3,6,4,2,15
page,2,5,1,3,11
paid,8,11,4,4,27
par,1,2,23,18,44
parents,8,3,6,1,18
park,15,21,3,11,50
parking,7,19,7,18,51
parks,1,4,4,1,10
particular,1,2,3,4,10
particularly,2,6,2,5,15
partner,2,4,3,6,15
parts,4,3,1,2,10
party,6,2,4,5,17
pas,0,0,39,18,57
pass,1,3,16,2,22
past,21,6,10,7,44
path,4,3,8,0,15
pay,12,11,23,14,60
paying,5,3,10,5,23
people,125,57,70,76,328
performed,13,0,0,16,29
period,4,6,4,2,16
person,15,13,19,12,59
personal,6,2,11,2,21
personally,0,1,6,6,13
phone,2,6,11,8,27
photo,7,4,1,8,20
pick,2,5,7,6,20
pizza,3,2,13,2,20
pjpg,7,0,3,7,17
place,19,34,36,21,110
places,18,17,14,4,53
plan,3,4,10,3,20
planning,4,5,4,1,14
plans,5,3,3,1,12
plates,0,1,8,4,13
play,3,10,3,6,22
please_note_veuillez_noter,0,0,0,32,32
plenty,5,3,6,5,19
plus,4,5,25,18,52
point,9,21,12,8,50
police,9,16,10,9,44
poor,3,6,3,2,14
population,8,8,4,1,21
position,2,5,5,2,14
possible,9,7,10,4,30
post,15,7,6,36,64
posting,7,1,1,4,13
posts,11,4,0,4,19
potential,3,3,6,3,15
pour,0,0,36,19,55
power,11,1,3,4,19
pre,2,3,4,2,11
president,7,1,0,3,11
pretty,18,26,26,10,80
preview,8,1,5,8,22
previous,1,3,2,5,11
price,3,4,28,9,44
prices,8,10,9,6,33
private,5,2,28,5,40
probably,22,26,17,18,83
problem,4,9,6,8,27
product,1,5,1,4,11
products,2,5,1,4,12
program,6,3,0,7,16
programs,6,2,1,7,16
project,8,2,4,3,17
property,3,6,7,8,24
provide,5,2,5,4,16
public,29,16,56,15,116
publication,0,0,0,16,16
push,3,3,4,3,13
qu,0,0,18,0,18
quality,3,7,11,5,26
que,0,0,35,2,37
question,10,8,8,3,29
questions,34,4,6,25,69
qui,0,2,21,1,24
quickly,5,0,5,2,12
quiet,1,7,0,4,12
quite,3,11,33,7,54
rail,5,3,0,3,11
random,2,3,1,5,11
range,0,10,1,4,15
rate,5,2,7,2,16
rates,3,4,3,1,11
reach,4,1,6,7,18
read,3,3,13,20,39
reading,3,4,0,7,14
ready,2,1,6,7,16
real,13,3,7,15,38
really,24,51,50,48,173
reason,5,9,15,13,42
reasons,2,4,1,4,11
recently,4,12,4,11,31
recommend,10,16,14,10,50
recommendations,0,3,4,3,10
red,5,15,7,10,37
redd,14,0,4,8,26
reddit,21,6,2,37,66
regular,3,1,6,6,16
regularly,5,3,6,3,17
related,5,2,3,1,11
remember,4,12,5,11,32
removal,1,1,0,22,24
remove,1,2,3,5,11
removed,2,3,2,32,39
rent,5,5,21,6,37
rental,3,8,4,1,16
report,1,2,5,7,15
require,5,3,3,1,12
research,20,6,0,1,27
residents,2,4,2,6,14
resources,9,4,2,3,18
rest,3,11,6,5,25
restaurant,4,8,18,4,34
restaurants,8,3,7,5,23
retire,0,0,0,16,16
return,5,5,6,4,20
review,1,1,1,17,20
ride,8,3,2,2,15
right,43,35,25,23,126
rights,22,1,1,1,25
risk,5,5,3,4,17
river,8,2,1,5,16
road,8,24,12,9,53
roads,4,8,6,8,26
room,8,0,10,13,31
route,3,7,10,1,21
routes,1,3,4,3,11
rue,0,0,29,0,29
rule,2,5,5,2,14
rules,4,3,3,1,11
run,12,16,11,13,52
running,9,3,3,5,20
runs,3,4,1,7,15
rvision,0,0,0,16,16
sad,3,1,5,2,11
safe,10,2,9,4,25
said,35,31,23,17,106
sales,2,1,0,9,12
save,4,4,9,2,19
saw,8,7,3,9,27
say,17,21,16,21,75
saying,4,7,4,7,22
says,5,5,5,2,17
schedule,2,0,2,7,11
school,28,12,44,38,122
schools,20,2,36,19,77
search,18,3,7,4,32
season,2,5,2,4,13
second,3,8,2,8,21
section,3,6,1,3,13
security,3,0,5,3,11
seeing,9,3,2,3,17
sell,2,5,6,5,18
send,7,3,10,3,23
sense,7,3,9,5,24
sent,2,5,5,6,18
seriously,4,4,5,3,16
service,6,14,6,25,51
services,9,17,5,9,40
set,5,7,4,7,23
share,2,2,7,5,16
shit,11,8,5,6,30
shop,7,15,7,3,32
shopping,0,8,6,2,16
shops,1,30,3,3,37
short,2,5,5,2,14
shouldn,4,3,2,1,10
shows,2,2,1,8,13
si,0,0,26,5,31
sick,8,1,2,3,14
sign,4,4,2,5,15
significant,4,2,2,2,10
similar,13,10,9,9,41
simple,3,2,8,4,17
single,9,5,9,6,29
sit,3,7,6,4,20
site,3,4,13,0,20
situation,4,6,6,7,23
size,1,3,6,12,22
skills,2,2,2,5,11
slow,3,4,1,5,13
small,4,10,16,10,40
smaller,4,3,5,3,15
snow,12,1,8,20,41
social,5,4,8,4,21
society,1,1,3,6,11
sold,1,4,1,9,15
solution,3,2,6,0,11
sont,0,0,17,3,20
soon,1,1,4,7,13
sorry,1,1,18,8,28
sort,10,1,1,2,14
sounds,5,2,2,9,18
source,4,4,5,2,15
south,15,5,2,7,29
space,10,13,7,3,33
speak,9,1,8,6,24
speaking,2,1,8,1,12
special,4,2,2,2,10
specific,15,3,16,5,39
specifically,3,4,2,2,11
spend,5,3,7,5,20
spent,4,3,3,2,12
spot,8,5,7,4,24
spots,8,6,3,1,18
spring,6,2,0,5,13
square,13,1,0,3,17
st,30,10,8,11,59
staff,6,17,17,9,49
stand,4,1,7,5,17
start,12,9,14,19,54
started,9,4,8,12,33
starting,1,3,4,4,12
state,39,3,3,0,45
station,11,1,7,5,24
stay,7,5,16,7,35
staying,8,2,5,1,16
stock,2,8,2,2,14
stop,20,19,19,7,65
stopped,1,1,4,4,10
store,7,12,1,13,33
stores,4,8,2,11,25
story,4,5,2,3,14
straight,4,8,1,2,15
street,17,15,5,21,58
streets,2,6,3,1,12
strong,3,1,8,4,16
student,2,2,9,6,19
students,4,7,11,13,35
stuff,16,11,7,17,51
subreddit,16,4,0,16,36
suggest,3,6,11,4,24
sujet,0,0,0,16,16
summer,1,4,5,11,21
sunday,3,0,4,5,12
super,6,12,9,15,42
support,17,6,5,7,35
supporting,4,0,3,3,10
sur,0,0,24,1,25
surprised,6,5,9,5,25
swiss,0,0,49,0,49
switzerland,0,0,42,0,42
sydney,0,21,1,0,22
table,4,3,3,6,16
taken,3,10,4,5,22
takes,3,2,10,2,17
taking,8,8,6,6,28
talk,9,4,3,9,25
talking,4,5,8,3,20
tax,2,6,6,3,17
taxes,2,3,9,3,17
teachers,1,2,7,2,12
tell,13,5,10,5,33
tend,3,2,6,3,14
term,2,4,5,2,13
terms,2,5,3,3,13
terrible,4,2,3,7,16
test,4,10,3,6,23
thank,4,1,3,2,10
thanks,3,2,8,2,15
thing,28,19,18,14,79
things,22,24,31,29,106
think,40,34,48,39,161
thinking,5,5,2,2,14
thought,7,9,3,4,23
thread,3,2,0,6,11
ticket,2,0,7,4,13
tickets,2,1,9,12,24
time,65,63,53,70,251
times,6,20,13,11,50
today,8,4,6,8,26
told,8,10,7,18,43
ton,4,0,10,6,20
took,5,6,11,10,32
total,4,2,3,1,10
totally,6,3,0,4,13
tout,0,0,18,1,19
town,16,14,18,1,49
traffic,12,12,28,8,60
train,3,2,45,2,52
tram,0,10,10,0,20
transit,4,1,0,14,19
transport,4,2,23,1,30
transportation,3,0,7,5,15
travel,2,2,17,0,21
tre,0,0,10,1,11
tree,3,7,0,2,12
tried,1,7,7,6,21
trip,4,6,12,4,26
true,3,1,9,5,18
trump,30,0,0,10,40
try,10,17,26,15,68
trying,10,13,6,9,38
tu,0,0,24,0,24
turn,7,5,3,5,20
turned,1,2,3,5,11
turning,4,2,4,3,13
tv,0,1,0,9,10
type,3,4,6,7,20
understand,7,6,7,3,23
une,0,0,30,3,33
unfortunately,1,7,5,5,18
unit,2,3,0,11,16
universities,5,7,4,0,16
university,5,11,4,3,23
unless,3,6,13,4,26
urban,6,1,1,3,11
use,18,13,34,28,93
used,12,32,29,19,92
useful,0,2,10,0,12
using,14,7,6,12,39
usually,11,14,28,14,67
value,3,8,8,2,21
various,2,3,4,3,12
ve,29,52,30,54,165
video,7,1,7,2,17
view,0,3,9,2,14
views,3,4,5,1,13
visit,3,2,9,4,18
vote,1,2,4,4,11
wait,7,10,7,14,38
waiting,3,4,3,3,13
walk,17,10,22,14,63
walked,3,5,1,1,10
walking,13,7,5,5,30
wall,3,2,7,6,18
want,52,29,56,44,181
wanted,7,10,5,11,33
wants,4,1,2,5,12
wasn,1,10,1,15,27
waste,7,1,2,4,14
watch,11,3,6,8,28
water,6,25,6,10,47
way,47,44,39,20,150
ways,7,1,2,3,13
weather,2,3,1,7,13
webp,8,0,4,8,20
website,6,5,9,8,28
week,16,17,12,13,58
weekend,5,8,2,5,20
weeks,9,9,5,9,32
welcome,4,3,8,4,19
went,10,25,12,29,76
weren,2,6,2,1,11
west,7,4,0,8,19
white,12,2,5,4,23
width,8,0,4,8,20
wife,6,3,2,8,19
winter,17,6,7,10,40
wish,1,2,6,3,12
woden,0,13,0,0,13
woman,6,1,3,5,15
women,2,2,6,7,17
won,18,8,14,9,49
work,26,51,21,32,130
worked,4,8,4,12,28
workers,10,3,3,2,18
working,9,10,13,4,36
works,3,8,7,5,23
world,11,3,11,6,31
worse,13,4,7,7,31
worst,3,5,3,5,16
worth,9,15,12,15,51
wouldn,11,11,7,6,35
wrong,5,1,12,4,22
www,73,31,56,41,201
yeah,6,4,6,4,20
year,24,37,26,38,125
years,37,52,42,44,175
yes,5,10,28,8,51
yesterday,4,4,2,2,12
young,3,7,5,3,18
zero,10,6,1,4,21
