id,subreddit
0,Ottawa
1,Boston
2,Ottawa
3,Canberra
4,Ottawa
5,Canberra
6,Boston
7,Canberra
8,Canberra
9,Canberra
10,Ottawa
11,Canberra
12,Boston
13,Ottawa
14,Ottawa
15,Boston
16,Canberra
17,Canberra
18,Canberra
19,Canberra
20,Boston
21,Canberra
22,Canberra
23,Canberra
24,Canberra
25,Canberra
26,Canberra
27,Canberra
28,Geneva
29,Ottawa
30,Canberra
31,Canberra
32,Canberra
33,Canberra
34,Canberra
35,Canberra
36,Canberra
37,Canberra
38,Canberra
39,Canberra
40,Canberra
41,Canberra
42,Canberra
43,Canberra
44,Canberra
45,Geneva
46,Canberra
47,Canberra
48,Geneva
49,Canberra
50,Canberra
51,Ottawa
52,Canberra
53,Canberra
54,Ottawa
55,Ottawa
56,Ottawa
57,Canberra
58,Canberra
59,Canberra
60,Canberra
61,Boston
62,Canberra
63,Canberra
64,Canberra
65,Geneva
66,Canberra
67,Canberra
68,Canberra
69,Canberra
70,Ottawa
71,Canberra
72,Boston
73,Canberra
74,Canberra
75,Canberra
76,Ottawa
77,Canberra
78,Ottawa
79,Canberra
80,Canberra
81,Canberra
82,Ottawa
83,Canberra
84,Canberra
85,Canberra
86,Ottawa
87,Canberra
88,Canberra
89,Canberra
90,Geneva
91,Canberra
92,Canberra
93,Canberra
94,Canberra
95,Canberra
96,Ottawa
97,Ottawa
98,Canberra
99,Boston
100,Canberra
101,Ottawa
102,Canberra
103,Canberra
104,Ottawa
105,Ottawa
106,Canberra
107,Canberra
108,Canberra
109,Canberra
110,Canberra
111,Canberra
112,Canberra
113,Canberra
114,Canberra
115,Canberra
116,Canberra
117,Geneva
118,Ottawa
119,Canberra
120,Canberra
121,Canberra
122,Geneva
123,Canberra
124,Canberra
125,Boston
126,Canberra
127,Boston
128,Canberra
129,Canberra
130,Ottawa
131,Canberra
132,Geneva
133,Canberra
134,Canberra
135,Ottawa
136,Canberra
137,Canberra
138,Boston
139,Canberra
140,Canberra
141,Canberra
142,Canberra
143,Canberra
144,Canberra
145,Canberra
146,Canberra
147,Canberra
148,Canberra
149,Geneva
150,Ottawa
151,Ottawa
152,Boston
153,Ottawa
154,Ottawa
155,Canberra
156,Ottawa
157,Geneva
158,Boston
159,Ottawa
160,Geneva
161,Ottawa
162,Geneva
163,Canberra
164,Canberra
165,Canberra
166,Ottawa
167,Canberra
168,Ottawa
169,Canberra
170,Ottawa
171,Ottawa
172,Geneva
173,Ottawa
174,Ottawa
175,Ottawa
176,Ottawa
177,Ottawa
178,Canberra
179,Ottawa
180,Ottawa
181,Ottawa
182,Geneva
183,Canberra
184,Ottawa
185,Geneva
186,Ottawa
187,Ottawa
188,Ottawa
189,Ottawa
190,Ottawa
191,Canberra
192,Ottawa
193,Boston
194,Boston
195,Ottawa
196,Ottawa
197,Geneva
198,Ottawa
199,Ottawa
200,Ottawa
201,Canberra
202,Ottawa
203,Ottawa
204,Ottawa
205,Ottawa
206,Ottawa
207,Ottawa
208,Ottawa
209,Canberra
210,Ottawa
211,Ottawa
212,Canberra
213,Ottawa
214,Ottawa
215,Ottawa
216,Ottawa
217,Ottawa
218,Ottawa
219,Ottawa
220,Ottawa
221,Ottawa
222,Ottawa
223,Canberra
224,Ottawa
225,Boston
226,Canberra
227,Ottawa
228,Canberra
229,Boston
230,Ottawa
231,Ottawa
232,Canberra
233,Boston
234,Ottawa
235,Ottawa
236,Ottawa
237,Boston
238,Geneva
239,Boston
240,Ottawa
241,Canberra
242,Ottawa
243,Ottawa
244,Canberra
245,Canberra
246,Boston
247,Ottawa
248,Canberra
249,Ottawa
250,Canberra
251,Ottawa
252,Ottawa
253,Ottawa
254,Ottawa
255,Ottawa
256,Ottawa
257,Boston
258,Boston
259,Canberra
260,Ottawa
261,Geneva
262,Ottawa
263,Ottawa
264,Geneva
265,Ottawa
266,Ottawa
267,Ottawa
268,Canberra
269,Canberra
270,Ottawa
271,Canberra
272,Ottawa
273,Ottawa
274,Boston
275,Canberra
276,Geneva
277,Ottawa
278,Boston
279,Canberra
280,Ottawa
281,Ottawa
282,Ottawa
283,Ottawa
284,Ottawa
285,Geneva
286,Ottawa
287,Ottawa
288,Ottawa
289,Boston
290,Ottawa
291,Ottawa
292,Ottawa
293,Ottawa
294,Canberra
295,Ottawa
296,Ottawa
297,Canberra
298,Canberra
299,Ottawa
300,Boston
301,Boston
302,Boston
303,Canberra
304,Ottawa
305,Boston
306,Canberra
307,Boston
308,Ottawa
309,Boston
310,Boston
311,Canberra
312,Geneva
313,Canberra
314,Ottawa
315,Canberra
316,Geneva
317,Boston
318,Ottawa
319,Canberra
320,Ottawa
321,Geneva
322,Boston
323,Boston
324,Canberra
325,Boston
326,Boston
327,Boston
328,Canberra
329,Boston
330,Ottawa
331,Boston
332,Boston
333,Ottawa
334,Boston
335,Boston
336,Boston
337,Boston
338,Boston
339,Canberra
340,Boston
341,Ottawa
342,Boston
343,Boston
344,Boston
345,Canberra
346,Boston
347,Boston
348,Canberra
349,Boston
350,Boston
351,Boston
352,Ottawa
353,Boston
354,Boston
355,Boston
356,Boston
357,Boston
358,Boston
359,Boston
360,Boston
361,Boston
362,Boston
363,Boston
364,Ottawa
365,Boston
366,Boston
367,Geneva
368,Boston
369,Boston
370,Boston
371,Boston
372,Boston
373,Boston
374,Ottawa
375,Canberra
376,Ottawa
377,Boston
378,Boston
379,Boston
380,Boston
381,Ottawa
382,Boston
383,Boston
384,Boston
385,Canberra
386,Ottawa
387,Boston
388,Boston
389,Boston
390,Boston
391,Boston
392,Boston
393,Boston
394,Boston
395,Boston
396,Geneva
397,Boston
398,Boston
399,Boston
400,Boston
401,Boston
402,Boston
403,Boston
404,Boston
405,Boston
406,Ottawa
407,Boston
408,Canberra
409,Boston
410,Boston
411,Ottawa
412,Boston
413,Geneva
414,Boston
415,Boston
416,Geneva
417,Boston
418,Boston
419,Boston
420,Boston
421,Boston
422,Boston
423,Boston
424,Ottawa
425,Boston
426,Boston
427,Boston
428,Boston
429,Ottawa
430,Boston
431,Boston
432,Ottawa
433,Boston
434,Boston
435,Boston
436,Boston
437,Boston
438,Ottawa
439,Geneva
440,Boston
441,Ottawa
442,Boston
443,Geneva
444,Boston
445,Boston
446,Boston
447,Geneva
448,Boston
449,Boston
450,Geneva
451,Canberra
452,Boston
453,Boston
454,Geneva
455,Geneva
456,Geneva
457,Geneva
458,Geneva
459,Geneva
460,Geneva
461,Geneva
462,Geneva
463,Geneva
464,Canberra
465,Geneva
466,Geneva
467,Canberra
468,Geneva
469,Boston
470,Geneva
471,Geneva
472,Geneva
473,Geneva
474,Geneva
475,Boston
476,Geneva
477,Geneva
478,Geneva
479,Ottawa
480,Geneva
481,Geneva
482,Geneva
483,Geneva
484,Canberra
485,Geneva
486,Geneva
487,Canberra
488,Geneva
489,Geneva
490,Geneva
491,Geneva
492,Ottawa
493,Canberra
494,Geneva
495,Geneva
496,Geneva
497,Geneva
498,Geneva
499,Boston
500,Geneva
501,Geneva
502,Ottawa
503,Geneva
504,Geneva
505,Geneva
506,Geneva
507,Geneva
508,Canberra
509,Geneva
510,Geneva
511,Geneva
512,Geneva
513,Geneva
514,Geneva
515,Geneva
516,Geneva
517,Geneva
518,Canberra
519,Geneva
520,Canberra
521,Geneva
522,Geneva
523,Canberra
524,Geneva
525,Geneva
526,Geneva
527,Geneva
528,Geneva
529,Geneva
530,Boston
531,Geneva
532,Geneva
533,Geneva
534,Geneva
535,Canberra
536,Geneva
537,Canberra
538,Geneva
539,Geneva
540,Geneva
541,Geneva
542,Geneva
543,Geneva
544,Geneva
545,Geneva
546,Ottawa
547,Geneva
548,Geneva
549,Geneva
550,Ottawa
551,Geneva
552,Geneva
553,Geneva
554,Geneva
555,Geneva
556,Geneva
557,Canberra
558,Geneva
559,Geneva
560,Geneva
561,Geneva
562,Geneva
563,Geneva
564,Geneva
565,Geneva
566,Geneva
567,Canberra
568,Boston
569,Geneva
570,Geneva
571,Geneva
572,Geneva
573,Geneva
574,Geneva
575,Geneva
576,Geneva
577,Geneva
578,Geneva
579,Geneva
580,Geneva
581,Geneva
582,Boston
583,Geneva
584,Boston
585,Geneva
586,Geneva
587,Geneva
588,Ottawa
589,Geneva
590,Geneva
591,Geneva
592,Geneva
593,Geneva
594,Geneva
595,Boston
596,Ottawa
597,Geneva
598,Geneva
599,Geneva
